text,label
Pay ₹999 registration fee to confirm your job offer,1
Software engineer role at Infosys careers portal,0
Urgent hiring work from home contact on telegram,1
Marketing manager position open apply on official website,0
Earn 5000 per day no interview required,1
Project manager required with 5 years experience,0
Click here to claim your job offer immediately,1
Hiring backend developer skilled in Node and MongoDB,0
Send processing fee to start internship,1
Official recruitment process for bank officer,0
Data entry job no experience needed pay fee now,1
Internship opportunity at TCS with stipend and interview,0
Limited seats available pay to reserve your position,1
Apply for data analyst role through company HR email,0
WhatsApp HR contact for instant joining,1
Senior developer position requires Java and SQL skills,0
Congratulations you are selected pay security deposit,1
Graduate trainee program at Wipro apply online,0
Work 2 hours daily earn 50k per month apply now,1
Recruitment drive scheduled for software engineer role,0
Pay ₹999 registration fee to confirm your job offer,1
Software engineer role at Infosys careers portal,0
Urgent hiring work from home contact on telegram,1
Marketing manager position open apply on official website,0
Earn 5000 per day no interview required,1
Project manager required with 5 years experience,0
Click here to claim your job offer immediately,1
Hiring backend developer skilled in Node and MongoDB,0
Send processing fee to start internship,1
Official recruitment process for bank officer,0
Data entry job no experience needed pay fee now,1
Internship opportunity at TCS with stipend and interview,0
Limited seats available pay to reserve your position,1
Apply for data analyst role through company HR email,0
WhatsApp HR contact for instant joining,1
Senior developer position requires Java and SQL skills,0
Congratulations you are selected pay security deposit,1
Graduate trainee program at Wipro apply online,0
Work 2 hours daily earn 50k per month apply now,1
Recruitment drive scheduled for software engineer role,0
Pay ₹999 registration fee to confirm your job offer,1
Software engineer role at Infosys careers portal,0
Urgent hiring work from home contact on telegram,1
Marketing manager position open apply on official website,0
Earn 5000 per day no interview required,1
Project manager required with 5 years experience,0
Click here to claim your job offer immediately,1
Hiring backend developer skilled in Node and MongoDB,0
Send processing fee to start internship,1
Official recruitment process for bank officer,0
Data entry job no experience needed pay fee now,1
Internship opportunity at TCS with stipend and interview,0
Limited seats available pay to reserve your position,1
Apply for data analyst role through company HR email,0
WhatsApp HR contact for instant joining,1
Senior developer position requires Java and SQL skills,0
Congratulations you are selected pay security deposit,1
Graduate trainee program at Wipro apply online,0
Work 2 hours daily earn 50k per month apply now,1
Recruitment drive scheduled for software engineer role,0
Pay ₹999 registration fee to confirm your job offer,1
Software engineer role at Infosys careers portal,0
Urgent hiring work from home contact on telegram,1
Marketing manager position open apply on official website,0
Earn 5000 per day no interview required,1
Project manager required with 5 years experience,0
Click here to claim your job offer immediately,1
Hiring backend developer skilled in Node and MongoDB,0
Send processing fee to start internship,1
Official recruitment process for bank officer,0
Data entry job no experience needed pay fee now,1
Internship opportunity at TCS with stipend and interview,0
Limited seats available pay to reserve your position,1
Apply for data analyst role through company HR email,0
WhatsApp HR contact for instant joining,1
Senior developer position requires Java and SQL skills,0
Congratulations you are selected pay security deposit,1
Graduate trainee program at Wipro apply online,0
Work 2 hours daily earn 50k per month apply now,1
Recruitment drive scheduled for software engineer role,0
Pay ₹999 registration fee to confirm your job offer,1
Software engineer role at Infosys careers portal,0
Urgent hiring work from home contact on telegram,1
Marketing manager position open apply on official website,0
Earn 5000 per day no interview required,1
Project manager required with 5 years experience,0
Click here to claim your job offer immediately,1
Hiring backend developer skilled in Node and MongoDB,0
Send processing fee to start internship,1
Official recruitment process for bank officer,0
Data entry job no experience needed pay fee now,1
Internship opportunity at TCS with stipend and interview,0
Limited seats available pay to reserve your position,1
Apply for data analyst role through company HR email,0
WhatsApp HR contact for instant joining,1
Senior developer position requires Java and SQL skills,0
Congratulations you are selected pay security deposit,1
Graduate trainee program at Wipro apply online,0
Work 2 hours daily earn 50k per month apply now,1
Recruitment drive scheduled for software engineer role,0
Pay ₹999 registration fee to confirm your job offer,1
Software engineer role at Infosys careers portal,0
Urgent hiring work from home contact on telegram,1
Marketing manager position open apply on official website,0
Earn 5000 per day no interview required,1
Project manager required with 5 years experience,0
Click here to claim your job offer immediately,1
Hiring backend developer skilled in Node and MongoDB,0
Send processing fee to start internship,1
Official recruitment process for bank officer,0
Data entry job no experience needed pay fee now,1
Internship opportunity at TCS with stipend and interview,0
Limited seats available pay to reserve your position,1
Apply for data analyst role through company HR email,0
WhatsApp HR contact for instant joining,1
Senior developer position requires Java and SQL skills,0
Congratulations you are selected pay security deposit,1
Graduate trainee program at Wipro apply online,0
Work 2 hours daily earn 50k per month apply now,1
Recruitment drive scheduled for software engineer role,0
Pay ₹999 registration fee to confirm your job offer,1
Software engineer role at Infosys careers portal,0
Urgent hiring work from home contact on telegram,1
Marketing manager position open apply on official website,0
Earn 5000 per day no interview required,1
Project manager required with 5 years experience,0
Click here to claim your job offer immediately,1
Hiring backend developer skilled in Node and MongoDB,0
Send processing fee to start internship,1
Official recruitment process for bank officer,0
Data entry job no experience needed pay fee now,1
Internship opportunity at TCS with stipend and interview,0
Limited seats available pay to reserve your position,1
Apply for data analyst role through company HR email,0
WhatsApp HR contact for instant joining,1
Senior developer position requires Java and SQL skills,0
Congratulations you are selected pay security deposit,1
Graduate trainee program at Wipro apply online,0
Work 2 hours daily earn 50k per month apply now,1
Recruitment drive scheduled for software engineer role,0
Pay ₹999 registration fee to confirm your job offer,1
Software engineer role at Infosys careers portal,0
Urgent hiring work from home contact on telegram,1
Marketing manager position open apply on official website,0
Earn 5000 per day no interview required,1
Project manager required with 5 years experience,0
Click here to claim your job offer immediately,1
Hiring backend developer skilled in Node and MongoDB,0
Send processing fee to start internship,1
Official recruitment process for bank officer,0
Data entry job no experience needed pay fee now,1
Internship opportunity at TCS with stipend and interview,0
Limited seats available pay to reserve your position,1
Apply for data analyst role through company HR email,0
WhatsApp HR contact for instant joining,1
Senior developer position requires Java and SQL skills,0
Congratulations you are selected pay security deposit,1
Graduate trainee program at Wipro apply online,0
Work 2 hours daily earn 50k per month apply now,1
Recruitment drive scheduled for software engineer role,0
Pay ₹999 registration fee to confirm your job offer,1
Software engineer role at Infosys careers portal,0
Urgent hiring work from home contact on telegram,1
Marketing manager position open apply on official website,0
Earn 5000 per day no interview required,1
Project manager required with 5 years experience,0
Click here to claim your job offer immediately,1
Hiring backend developer skilled in Node and MongoDB,0
Send processing fee to start internship,1
Official recruitment process for bank officer,0
Data entry job no experience needed pay fee now,1
Internship opportunity at TCS with stipend and interview,0
Limited seats available pay to reserve your position,1
Apply for data analyst role through company HR email,0
WhatsApp HR contact for instant joining,1
Senior developer position requires Java and SQL skills,0
Congratulations you are selected pay security deposit,1
Graduate trainee program at Wipro apply online,0
Work 2 hours daily earn 50k per month apply now,1
Recruitment drive scheduled for software engineer role,0
Pay ₹999 registration fee to confirm your job offer,1
Software engineer role at Infosys careers portal,0
Urgent hiring work from home contact on telegram,1
Marketing manager position open apply on official website,0
Earn 5000 per day no interview required,1
Project manager required with 5 years experience,0
Click here to claim your job offer immediately,1
Hiring backend developer skilled in Node and MongoDB,0
Send processing fee to start internship,1
Official recruitment process for bank officer,0
Data entry job no experience needed pay fee now,1
Internship opportunity at TCS with stipend and interview,0
Limited seats available pay to reserve your position,1
Apply for data analyst role through company HR email,0
WhatsApp HR contact for instant joining,1
Senior developer position requires Java and SQL skills,0
Congratulations you are selected pay security deposit,1
Graduate trainee program at Wipro apply online,0
Work 2 hours daily earn 50k per month apply now,1
Recruitment drive scheduled for software engineer role,0
